name,vendor
Under the Dome,CBS
Person of Interest,CBS
Bitten,CTV Sci-Fi Channel
Arrow,The CW
True Detective,HBO
The 100,The CW
Homeland,Paramount+ with Showtime
Glee,FOX
Revenge,ABC
Grimm,NBC
Gotham,FOX
Lost Girl,Showcase
The Flash,The CW
Continuum,Showcase
Constantine,NBC
Penny Dreadful,Paramount+ with Showtime
The Amazing Race,CBS
Supernatural,The CW
The Strain,FX
The Last Ship,TNT
True Blood,HBO
Once Upon a Time in Wonderland,ABC
Hawaii Five-0,CBS
Hellsing,Fuji TV
Hellsing Ultimate,TBS
Berserk,NTV
Californication,Paramount+ with Showtime
Vikings,History
American Horror Story,FX
Marvel's Agents of S.H.I.E.L.D.,ABC
Fargo,FX
Hemlock Grove,Netflix
Helix,Syfy
The Killing,AMC
Intruders,BBC America
Z Nation,Syfy
Resurrection,ABC
Death Note,NTV
Last Man Standing,FOX
Sleepy Hollow,FOX
Outlander,STARZ
Scorpion,CBS
NCIS: New Orleans,CBS
Forever,ABC
Witches of East End,Lifetime
Madam Secretary,CBS
Brooklyn Nine-Nine,NBC
The Lottery,Lifetime
The Knick,Cinemax
How to Get Away with Murder,ABC
Nashville,CMT
Legends,TNT
Red Band Society,FOX
Chicago P.D.,NBC
black-ish,ABC
New Girl,FOX
Chicago Fire,NBC
NCIS,CBS
Orphan Black,CTV Sci-Fi Channel
The Originals,The CW
The Vampire Diaries,The CW
Utopia,Channel 4
Bones,FOX
The Big Bang Theory,CBS
Grey's Anatomy,ABC
Castle,ABC
The Blacklist,NBC
The Voice,NBC
Dancing with the Stars,ABC
NCIS: Los Angeles,CBS
The Walking Dead,AMC+
Hell on Wheels,AMC
The Mindy Project,Hulu
Sons of Anarchy,FX
The Middle,ABC
The Mysteries of Laura,NBC
The Goldbergs,ABC
Modern Family,ABC
Criminal Minds,Paramount+
Game of Thrones,HBO
The Simpsons,FOX
Family Guy,FOX
Stalker,CBS
The Bridge,FX
Reign,The CW
Unforgettable,A&E
Haven,Syfy
Bad Judge,NBC
A to Z,NBC
Parenthood,NBC
Defiance,Syfy
Falling Skies,TNT
Manhattan Love Story,ABC
Scandal,ABC
Blue Bloods,CBS
The Good Wife,CBS
Boardwalk Empire,HBO
Law & Order: Special Victims Unit,NBC
Dominion,Syfy
From Dusk Till Dawn: The Series,El Rey Network
Justified,FX
Bob's Burgers,FOX
Mulaney,FOX
CSI: Crime Scene Investigation,CBS
Gracepoint,FOX
Once Upon a Time,ABC
South Park,Comedy Central
Survivor,CBS
King of the Hill,Hulu
The Mentalist,CBS
Star Wars: Rebels,Disney XD
House,FOX
Transparent,Prime Video
Nikita,The CW
Lost,ABC
2 Broke Girls,CBS
Selfie,ABC
Mom,CBS
The Affair,Paramount+ with Showtime
Jane the Virgin,The CW
Marry Me,NBC
Two and a Half Men,CBS
About a Boy,NBC
The Millers,CBS
Elementary,CBS
Heroes,NBC
The McCarthys,CBS
Cristela,ABC
The Leftovers,HBO
Girls,HBO
Looking,HBO
Getting On,HBO
Veep,HBO
Silicon Valley,HBO
The Comeback,HBO
House of Lies,Paramount+ with Showtime
Episodes,Paramount+ with Showtime
Nurse Jackie,Paramount+ with Showtime
Web Therapy,Paramount+ with Showtime
Masters of Sex,Paramount+ with Showtime
Shameless,Paramount+ with Showtime
The Newsroom,HBO
Ray Donovan,Paramount+ with Showtime
Sanctuary,Syfy
Beauty & the Beast,The CW
Twin Peaks,Paramount+ with Showtime
The Americans,FX
Fringe,FOX
State of Affairs,NBC
Weeds,Paramount+ with Showtime
Dexter,Paramount+ with Showtime
Carnivàle,HBO
Human Target,FOX
Banshee,Cinemax
Bionic Woman,NBC
Battlestar Galactica,Syfy
24,FOX
Chuck,NBC
Breaking Bad,AMC
Orange Is the New Black,Netflix
How I Met Your Mother,CBS
Suits,USA Network
Parks and Recreation,NBC
House of Cards,Netflix
Teen Wolf,MTV
Pretty Little Liars,Freeform
The Legend of Korra,Nickelodeon
The Wire,HBO
Firefly,FOX
Extant,CBS
Black Sails,STARZ
Tyrant,FX
BoJack Horseman,Netflix
Salem,NewsNation
TURN: Washington's Spies,AMC
Intelligence,CBS
Believe,NBC
Star-Crossed,The CW
Crisis,NBC
Halt and Catch Fire,AMC
Hello Ladies,HBO
Dads,FOX
Hannibal,NBC
Bates Motel,A&E
The Following,FOX
Da Vinci's Demons,Lionsgate+
The Fosters,Freeform
Mistresses,ABC
The Tomorrow People,The CW
Devious Maids,Lifetime
Almost Human,FOX
The Carrie Diaries,The CW
Stargate SG·1,Syfy
Graceland,USA Network
Stargate Atlantis,Syfy
Stargate Universe,Syfy
Survivor's Remorse,STARZ
Doctor Who,BBC One
666 Park Avenue,ABC
Alcatraz,FOX
The Gates,ABC
Kingdom,Audience Network
American Dad!,FOX
Rick and Morty,Adult Swim
Hostages,CBS
Being Human,Syfy
Alphas,Syfy
Crossing Lines,TF1
Rectify,SundanceTV
Happyland,MTV
Twisted,Freeform
Ravenswood,Freeform
The Crazy Ones,CBS
Mob City,TNT
Last Resort,ABC
The Neighbors,ABC
Go On,NBC
Vegas,CBS
The River,ABC
Awake,NBC
Missing,ABC
The New Normal,NBC
GCB,ABC
Revolution,NBC
Dallas,TNT
Anger Management,FX
Cops,Fox Nation
Benched,USA Network
The Great Fire,ITV1
Conan,TBS
Strange Empire,CBC
Long Shadow,BBC Two
The Colbert Report,Comedy Central
Transporter: The Series,RTL
The Daily Show with Jon Stewart,Comedy Central
Kirby Buckets,Disney XD
Downton Abbey,ITV1
Girl Meets World,Disney Channel
Hell's Kitchen,FOX
World Series of Poker,PokerGO
Anthony Bourdain: Parts Unknown,CNN
Comic Book Men,AMC
Key & Peele,Comedy Central
Glue,E4
Southern Justice,National Geographic
Tosh.0,Comedy Central
The Soup,E!
The Driver,BBC One
Last Week Tonight with John Oliver,HBO
The Late Show with David Letterman,CBS
Mount Pleasant,Sky Showcase
Lovesick,Netflix
Package Deal,Citytv
Peaky Blinders,BBC One
The League,FXX
Saving Hope,CTV
Black Dynamite,Adult Swim
Bad Education,BBC iPlayer
Ali G: Rezurection,FXX
New Tricks,BBC One
Brickleberry,Comedy Central
Franklin & Bash,TNT
Mock the Week,BBC Two
Awkward.,MTV
Faking It,MTV
Mr. Selfridge,ITV1
"Signed, Sealed, Delivered",Hallmark Mystery
Happy Valley,BBC One
Kroll Show,Comedy Central
American Idol,ABC
America's Got Talent,NBC
Adventure Time,Cartoon Network
Motive,CTV
Newswipe,BBC Four
The Night Shift,NBC
Top Chef,Bravo
Undateable,NBC
Chasing Life,Freeform
Power,STARZ
Murder in the First,TNT
Hart of Dixie,The CW
Trailer Park Boys,SwearNet
Deadbeat,Hulu
The Venture Bros.,Adult Swim
Black Mirror,Netflix
Broadchurch,ITV1
Bluestone 42,BBC Three
Matador,El Rey Network
Rogue,Audience Network
Married,FX
Satisfaction,USA Network
You're the Worst,FXX
Plebs,ITV2
VICE,Paramount+ with Showtime
Archer,FXX
The Missing,BBC One
Vicious,ITV1
Community,Yahoo! View
Cougar Town,TBS
The Fall,BBC Two
Arrested Development,Netflix
Hit the Floor,BET
White Collar,USA Network
MasterChef,FOX
Being Mary Jane,BET
Inside Amy Schumer,Paramount+
Midsomer Murders,Acorn TV
On the Menu,TNT
Alpha House,Prime Video
The Game,Paramount+
Drunk History,Comedy Central
Sherlock,BBC One
Marvel's Agent Carter,ABC
Ramsay's Costa Del Nightmares,Channel 4
Secrets and Lies,ABC
American Crime,ABC
The Librarians,TNT
Aquarius,NBC
Louie,FX
Atlantis,BBC One
Rizzoli & Isles,TNT
Covert Affairs,USA Network
Hot in Cleveland,TV Land
It's Always Sunny in Philadelphia,FXX
Melissa & Joey,Freeform
The Wrong Mans,BBC Two
Last Comic Standing,NBC
Baby Daddy,Freeform
The Exes,TV Land
Line of Duty,BBC One
Ground Floor,TBS
Mike & Molly,CBS
Man Down,Channel 4
Perception,TNT
Spartacus: Gods of the Arena,STARZ
TripTank,Comedy Central
Ripper Street,BBC Two
Saturday Night Live,NBC
Switched at Birth,Freeform
Late Night with Seth Meyers,NBC
Single Ladies,BET Her
The After,Prime Video
Sirens,USA Network
Six Feet Under,HBO
Red Dwarf,U&Dave
Wizards vs Aliens,CBBC
Workaholics,Comedy Central
The Red Road,SundanceTV
See Dad Run,nick@nite
Moone Boy,Sky Showcase
Inside No. 9,BBC Two
Broad City,Comedy Central
Portlandia,IFC
The Musketeers,BBC One
Citizen Khan,BBC One
Mythbusters,Science
Birds of a Feather,ITV1
Aqua Teen Hunger Force,Adult Swim
Peep Show,Channel 4
Major Crimes,TNT
Mad Men,AMC
Yonderland,Sky Showcase
Rookie Blue,Global
The Late Late Show with Craig Ferguson,CBS
Hunted,BBC One
Video Game High School,rocketjump.com
Call the Midwife,BBC One
Longmire,Netflix
Gravity Falls,Disney XD
Don't Trust the B---- in Apartment 23,ABC
Duck Dynasty,A&E
The Client List,Lifetime
Copper,BBC America
Smash,NBC
A Young Doctor's Notebook,Sky Arts
Touch,FOX
Magic City,STARZ
Derek,Channel 4
Men at Work,TBS
Mortal Kombat: Legacy,Machinima
Jane by Design,Freeform
Invader ZIM,Nickelodeon
The Cape,NBC
Fairly Legal,USA Network
Whitney,NBC
Duckman: Private Dick/Family Man,USA Network
Olive Kitteridge,HBO
Are You the One?,Paramount+
MasterChef Junior,FOX
Chrisley Knows Best,USA Network
Rugrats,Nickelodeon
A Gifted Man,CBS
Life's Too Short,BBC Two
The Passing Bells,BBC One
The People Remember,BBC One
Buffy the Vampire Slayer,UPN
Angel,The WB
Farscape,Syfy
The X-Files,FOX
Friends,NBC
Dollhouse,FOX
Caprica,Syfy
Warehouse 13,Syfy
Smallville,The CW
Dead Like Me,Paramount+ with Showtime
Xena: Warrior Princess,Syndication
The Adventures of Sinbad,Syndication
Wolverine and the X-Men,Nicktoons
Everwood,The WB
Once a Thief,CTV
XIII: The Series,Showcase
Metal Hurlant Chronicles,France 4
Defying Gravity,CTV
Charlie's Angels,ABC
The Universe,Vice TV
True Justice,REELZ
Wolf Lake,UPN
Knight Rider,NBC
The Deep,BBC One
Tales from the Crypt,HBO
Pacific Blue,USA Network
Blade: The Series,Paramount Network
Moonlight,CBS
The Event,NBC
FlashForward,ABC
Harper's Island,CBS
Adventure Inc.,Syndication
Legend of the Seeker,Syndication
TekWar,Syndication
Dark Skies,NBC
The Pacific,HBO
Band of Brothers,HBO
Columbo,ABC
Blood Ties,Lifetime
"Walker, Texas Ranger",CBS
ReGenesis,Crave
The Prisoner,ITV1
The Prisoner,AMC
X-Men,FOX
Veronica Mars,Hulu
Charlie's Angels,ABC
Babylon 5,TNT
Dead Set,E4
Son of the Beach,FX
Terminator: The Sarah Connor Chronicles,FOX
Witchblade,TNT
Birds of Prey,The WB
The Batman,The CW
Masters of Horror,Paramount+ with Showtime
The 4400,USA Network
Painkiller Jane,Syfy
Day Break,ABC
Andromeda,Syfy
Harsh Realm,FOX
Naruto: Shippūden,TV Tokyo
Sonic Boom,Boomerang
Star Trek,NBC
Star Trek: The Next Generation,Syndication
Star Trek: Voyager,UPN
Star Trek: Deep Space Nine,Syndication
V,ABC
Naruto,TV Tokyo
100 Things to Do Before High School,Nickelodeon
Strip the Cosmos,Science
Dogs of War,A&E
Married... with Children,FOX
Mutant X,Syndication
Northern Exposure,CBS
The Lost World,Syndication
The Lost Room,Syfy
Batman Beyond,The WB
Justice League Unlimited,Cartoon Network
Charmed,The WB
Angels in America,HBO
The Grid,TNT
Mr. Sunshine,ABC
Breaking In,FOX
The Chicago Code,FOX
Up All Night,NBC
The Nine Lives of Chloe King,Freeform
Jessie,Disney Channel
The Borgias,Paramount+ with Showtime
Terra Nova,FOX
Psych,USA Network
Lie to Me,FOX
The West Wing,NBC
Gilmore Girls,The CW
The Office,NBC
The Sopranos,HBO
The Flash,CBS
Cupcake Wars,Cooking Channel
Seinfeld,NBC
Scrubs,ABC
Instant Mom,TV Land
Anthony Bourdain: No Reservations,Travel Channel
Whose Line Is It Anyway?,The CW
30 Rock,NBC
Futurama,Hulu
The IT Crowd,Channel 4
Frasier,NBC
